account_id,channel,fico_band,ltv_ratio,dti_ratio,payment_shock_index,verified_income_stability,manual_override_flag,self_employed_flag,zip_risk_band
DOC-00000,digital,subprime,0.6962,0.1947,0.0662,,0,0,low
DOC-00001,branch,subprime,0.6637,0.3305,0.4372,0.8236,0,0,moderate
DOC-00002,digital,near_prime,0.7082,0.5166,0.4843,0.5231,0,0,low
DOC-00003,call_center,prime,0.7704,0.2663,0.4474,0.3842,0,0,moderate
DOC-00004,digital,subprime,0.7701,0.5541,0.5273,0.6887,0,0,moderate
DOC-00005,branch,near_prime,0.7195,0.3563,0.4081,,0,0,elevated
DOC-00006,branch,subprime,0.971,0.3317,0.4441,0.927,0,0,low
DOC-00007,branch,near_prime,0.6443,0.4238,0.3937,,1,0,moderate
DOC-00008,digital,near_prime,0.8843,0.3123,0.2102,0.5323,0,1,elevated
DOC-00009,branch,near_prime,0.861,0.473,0.0556,0.4731,0,1,low
DOC-00010,call_center,subprime,0.6885,0.5704,0.2899,0.6655,0,0,low
DOC-00011,digital,near_prime,1.0008,0.05,0.2262,1.0,1,0,low
DOC-00012,digital,near_prime,0.9258,0.4796,0.1336,,0,0,moderate
DOC-00013,branch,prime,0.8167,0.091,0.1565,0.501,0,1,moderate
DOC-00014,call_center,near_prime,0.8327,0.1035,0.188,1.0,0,0,low
DOC-00015,branch,prime,0.7882,0.4495,0.2502,0.1835,1,0,elevated
DOC-00016,branch,subprime,0.8502,0.391,0.2313,1.0,0,0,low
DOC-00017,branch,subprime,0.7253,0.392,0.3355,0.4159,0,0,elevated
DOC-00018,branch,near_prime,0.9088,0.2273,0.1855,,0,0,low
DOC-00019,digital,near_prime,0.8928,0.268,0.6073,,1,0,low
DOC-00020,digital,prime,0.7397,0.3027,0.46,0.7401,1,0,moderate
DOC-00021,call_center,subprime,0.6166,0.1279,0.2073,0.5175,0,0,moderate
DOC-00022,digital,subprime,0.9077,0.4056,0.3084,,0,0,moderate
DOC-00023,call_center,prime,0.8023,0.3085,0.1621,,0,0,elevated
DOC-00024,digital,subprime,0.683,0.414,0.321,0.5137,0,0,elevated
DOC-00025,digital,near_prime,0.9421,0.05,0.7092,,0,0,elevated
DOC-00026,call_center,near_prime,0.8049,0.05,0.2476,,0,0,moderate
DOC-00027,branch,prime,0.6131,0.2617,0.1516,0.2448,0,0,moderate
DOC-00028,digital,prime,0.8858,0.3081,0.2897,0.4193,0,0,low
DOC-00029,digital,subprime,0.652,0.4059,0.3526,0.43,0,0,low
DOC-00030,digital,prime,0.5708,0.2718,0.4603,0.431,0,0,moderate
DOC-00031,digital,prime,0.6982,0.2331,0.1186,0.5906,0,0,moderate
DOC-00032,branch,prime,0.7566,0.2126,0.134,0.6196,0,1,low
DOC-00033,branch,subprime,0.5725,0.4584,0.3075,,0,0,elevated
DOC-00034,call_center,subprime,1.0404,0.354,0.1357,,0,0,elevated
DOC-00035,call_center,subprime,0.8119,0.5629,0.7848,0.4832,0,0,elevated
DOC-00036,digital,near_prime,0.8026,0.3285,0.0,0.2857,0,0,low
DOC-00037,digital,prime,0.7576,0.3905,0.1883,0.6236,0,1,elevated
DOC-00038,call_center,near_prime,0.8129,0.3252,0.1717,0.8387,0,0,low
DOC-00039,call_center,prime,0.6884,0.2992,0.1012,0.4992,0,1,elevated
DOC-00040,branch,prime,0.7488,0.384,0.3484,0.6713,1,0,low
DOC-00041,branch,near_prime,0.9087,0.1849,0.2156,,0,0,elevated
DOC-00042,branch,near_prime,0.7485,0.2743,0.2288,0.3533,0,0,moderate
DOC-00043,branch,near_prime,0.8047,0.3904,0.4485,,0,0,elevated
DOC-00044,digital,prime,0.7562,0.2406,0.3157,0.0989,0,0,low
DOC-00045,branch,prime,0.9915,0.0595,0.2487,,0,0,moderate
DOC-00046,digital,near_prime,0.9155,0.2653,0.1267,0.5859,0,0,low
DOC-00047,digital,near_prime,0.829,0.1887,0.4354,,0,0,moderate
DOC-00048,branch,near_prime,0.8672,0.391,0.0808,,0,0,low
DOC-00049,branch,near_prime,0.8216,0.172,0.4474,,1,0,moderate
DOC-00050,branch,prime,0.8166,0.2175,0.1492,1.0,0,1,moderate
DOC-00051,call_center,prime,1.0877,0.3466,0.631,,0,0,low
DOC-00052,branch,prime,0.5335,0.2786,0.291,0.8523,0,0,elevated
DOC-00053,call_center,subprime,0.7639,0.4091,0.2738,,0,1,moderate
DOC-00054,digital,subprime,0.787,0.3532,0.2271,0.5307,0,0,low
DOC-00055,call_center,prime,0.8887,0.309,0.2504,0.7704,0,0,moderate
DOC-00056,call_center,near_prime,0.6131,0.4167,0.394,0.8532,1,1,moderate
DOC-00057,call_center,prime,0.7093,0.376,0.1597,,0,0,moderate
DOC-00058,call_center,near_prime,0.8271,0.262,0.1558,0.796,0,1,moderate
DOC-00059,digital,near_prime,0.5671,0.4615,0.057,0.2113,0,0,low
DOC-00060,digital,near_prime,0.8432,0.3325,0.3416,,0,0,elevated
DOC-00061,digital,near_prime,1.0259,0.3942,0.0832,0.2796,0,0,moderate
DOC-00062,digital,subprime,0.6758,0.328,0.0911,0.5088,0,1,low
DOC-00063,call_center,prime,0.5528,0.3889,0.4854,0.5769,0,0,moderate
DOC-00064,branch,near_prime,0.8571,0.2592,0.0,,0,0,low
DOC-00065,digital,prime,0.7498,0.3929,0.0,0.7775,0,0,low
DOC-00066,digital,prime,1.0158,0.3613,0.1905,0.8018,0,0,moderate
DOC-00067,branch,near_prime,0.7362,0.3183,0.2552,,0,0,low
DOC-00068,call_center,prime,0.7094,0.3442,0.4183,0.8415,0,0,moderate
DOC-00069,branch,prime,0.9143,0.2984,0.3045,0.6738,0,1,moderate
DOC-00070,digital,near_prime,0.9265,0.4078,0.244,,0,0,moderate
DOC-00071,branch,prime,0.905,0.5402,0.3859,,0,0,elevated
DOC-00072,branch,subprime,1.0384,0.2373,0.0035,0.5614,0,0,low
DOC-00073,digital,near_prime,0.8488,0.3096,0.0418,0.3044,0,0,low
DOC-00074,call_center,near_prime,0.7881,0.1509,0.2452,1.0,1,0,low
DOC-00075,branch,subprime,0.7225,0.297,0.624,,0,0,low
DOC-00076,branch,near_prime,0.768,0.3375,0.1745,0.3329,0,1,low
DOC-00077,digital,prime,0.7302,0.3898,0.2235,0.2721,0,0,elevated
DOC-00078,digital,prime,0.7205,0.1765,0.1587,,0,0,elevated
DOC-00079,branch,subprime,0.6614,0.2475,0.0699,,0,0,low
DOC-00080,branch,subprime,0.5172,0.3413,0.0,,0,0,low
DOC-00081,call_center,subprime,0.8308,0.7163,0.3346,,0,0,moderate
DOC-00082,digital,subprime,0.8281,0.3592,0.2839,0.6155,0,0,moderate
DOC-00083,digital,prime,0.5919,0.3551,0.156,0.6324,0,0,moderate
DOC-00084,branch,near_prime,0.8799,0.2464,0.2446,,0,0,moderate
DOC-00085,call_center,near_prime,0.4678,0.2891,0.3221,,0,0,moderate
DOC-00086,digital,prime,0.7249,0.05,0.137,0.4613,0,1,low
DOC-00087,branch,subprime,0.7974,0.2456,0.1083,0.7094,0,0,low
DOC-00088,digital,near_prime,0.7407,0.2371,0.0,0.7081,0,0,elevated
DOC-00089,digital,subprime,0.8643,0.2906,0.1417,0.586,0,1,moderate
DOC-00090,branch,subprime,0.9179,0.2805,0.4239,,0,0,elevated
DOC-00091,branch,prime,0.9167,0.6075,0.0899,0.6753,0,0,low
DOC-00092,branch,prime,0.7948,0.4633,0.1803,0.7071,0,0,moderate
DOC-00093,call_center,near_prime,0.9631,0.3235,0.3295,1.0,0,0,low
DOC-00094,digital,prime,0.7398,0.0897,0.282,0.5031,0,0,moderate
DOC-00095,digital,subprime,0.7194,0.5628,0.3174,0.6666,0,0,moderate
DOC-00096,branch,near_prime,0.7094,0.2629,0.3383,0.3042,0,0,low
DOC-00097,digital,near_prime,0.6997,0.2234,0.3607,0.6915,0,1,moderate
DOC-00098,branch,prime,0.734,0.3185,0.2471,0.9881,0,0,low
DOC-00099,digital,prime,0.6319,0.3169,0.2618,,0,1,low
DOC-00100,call_center,near_prime,0.5975,0.5191,0.5277,,0,0,low
DOC-00101,branch,prime,0.9555,0.3485,0.2323,0.558,0,1,moderate
DOC-00102,branch,near_prime,0.8477,0.3978,0.3448,0.6416,0,0,moderate
DOC-00103,branch,prime,0.8919,0.4163,0.1167,,0,0,low
DOC-00104,branch,prime,0.8208,0.5335,0.3809,0.8958,0,0,moderate
DOC-00105,digital,near_prime,0.6625,0.426,0.4205,0.6414,0,0,moderate
DOC-00106,call_center,near_prime,0.9277,0.3195,0.2735,0.5391,0,0,low
DOC-00107,branch,prime,0.865,0.2851,0.2997,0.5959,0,1,moderate
DOC-00108,branch,near_prime,0.645,0.1562,0.1462,0.1211,0,0,moderate
DOC-00109,call_center,near_prime,0.8666,0.2099,0.1498,,0,0,low
DOC-00110,branch,near_prime,0.5459,0.05,0.278,0.8089,0,0,moderate
DOC-00111,branch,subprime,0.8953,0.4743,0.4989,0.9292,0,0,low
DOC-00112,branch,prime,0.685,0.2395,0.1504,0.9154,0,1,moderate
DOC-00113,digital,subprime,0.8963,0.2642,0.5357,0.8094,0,0,low
DOC-00114,branch,prime,0.6858,0.4309,0.3735,0.4766,0,0,low
DOC-00115,digital,subprime,0.9023,0.292,0.2591,0.457,0,1,moderate
DOC-00116,digital,prime,0.822,0.371,0.1121,,1,0,elevated
DOC-00117,digital,prime,0.8493,0.2523,0.516,0.5161,0,0,low
DOC-00118,branch,near_prime,0.813,0.2978,0.3163,0.5276,0,0,elevated
DOC-00119,digital,near_prime,0.8411,0.3406,0.3303,,1,0,moderate
DOC-00120,digital,near_prime,0.857,0.5467,0.4697,0.4882,0,0,low
DOC-00121,branch,subprime,0.8701,0.1279,0.2278,,0,0,low
DOC-00122,branch,near_prime,0.5261,0.2245,0.0249,,0,0,low
DOC-00123,branch,prime,0.7375,0.3831,0.4307,0.746,0,0,moderate
DOC-00124,call_center,near_prime,0.7201,0.4151,0.0,,0,0,moderate
DOC-00125,digital,subprime,0.7462,0.2943,0.0605,1.0,0,0,low
DOC-00126,call_center,prime,0.7645,0.333,0.1774,0.6235,0,1,elevated
DOC-00127,call_center,near_prime,1.0075,0.3247,0.3667,0.871,0,0,elevated
DOC-00128,branch,near_prime,0.8433,0.4284,0.1763,0.7199,0,0,low
DOC-00129,digital,prime,0.6212,0.1465,0.4961,,0,0,low
DOC-00130,digital,prime,0.7295,0.3201,0.0736,,0,1,low
DOC-00131,branch,subprime,0.8902,0.5123,0.4569,0.6311,0,0,low
DOC-00132,digital,near_prime,0.6571,0.4699,0.3949,,0,0,moderate
DOC-00133,digital,subprime,0.8063,0.2551,0.1743,0.976,0,0,moderate
DOC-00134,branch,near_prime,0.7141,0.3939,0.0955,0.675,0,0,moderate
DOC-00135,digital,prime,0.8207,0.1978,0.149,0.705,0,0,low
DOC-00136,digital,subprime,0.7571,0.4034,0.0927,,0,0,low
DOC-00137,call_center,prime,0.7762,0.3913,0.4869,,0,0,low
DOC-00138,branch,near_prime,0.7503,0.3406,0.1776,0.9186,0,0,moderate
DOC-00139,branch,subprime,0.6865,0.3838,0.1048,0.703,0,0,low
DOC-00140,digital,subprime,0.9204,0.3097,0.323,0.9314,0,0,low
DOC-00141,digital,near_prime,0.823,0.4827,0.1097,0.876,0,0,low
DOC-00142,call_center,near_prime,0.794,0.4543,0.0,0.6904,0,0,moderate
DOC-00143,digital,prime,0.9547,0.4264,0.2619,0.5934,0,0,moderate
DOC-00144,digital,prime,0.8117,0.4855,0.1436,0.5577,0,1,low
DOC-00145,branch,near_prime,0.7767,0.4905,0.4303,,0,0,elevated
DOC-00146,branch,near_prime,0.8045,0.358,0.518,0.6126,0,0,low
DOC-00147,branch,subprime,0.7362,0.4217,0.2961,0.7545,1,0,low
DOC-00148,digital,prime,0.6902,0.3338,0.2011,0.5773,0,0,low
DOC-00149,call_center,subprime,0.9884,0.1194,0.392,1.0,0,0,low
DOC-00150,branch,prime,0.6901,0.4958,0.2731,,0,0,low
DOC-00151,digital,near_prime,0.9206,0.3217,0.0,,0,0,low
DOC-00152,call_center,near_prime,0.8333,0.3292,0.1931,0.6106,0,0,moderate
DOC-00153,call_center,prime,0.6509,0.6022,0.084,,0,0,low
DOC-00154,digital,prime,0.7533,0.3207,0.2259,,0,0,moderate
DOC-00155,call_center,prime,0.6946,0.2981,0.0,0.681,1,0,moderate
DOC-00156,branch,prime,0.7727,0.1072,0.5639,,0,0,low
DOC-00157,branch,prime,0.8743,0.383,0.1999,0.9336,0,0,moderate
DOC-00158,call_center,prime,0.678,0.3573,0.2577,0.4434,0,0,low
DOC-00159,branch,prime,0.6802,0.2579,0.1477,0.7573,0,0,low
DOC-00160,call_center,near_prime,0.6456,0.4815,0.4094,1.0,0,0,low
DOC-00161,digital,prime,0.9448,0.2832,0.1959,0.9128,0,0,low
DOC-00162,branch,subprime,0.7942,0.1719,0.0945,,0,0,low
DOC-00163,digital,subprime,0.8183,0.2548,0.0,0.9021,0,1,moderate
DOC-00164,digital,subprime,0.7983,0.3066,0.4512,0.5496,0,0,low
DOC-00165,digital,subprime,0.6514,0.3115,0.0489,0.4443,0,0,low
DOC-00166,branch,prime,0.9667,0.339,0.4587,0.9054,0,0,moderate
DOC-00167,digital,near_prime,0.6544,0.1911,0.5427,0.6502,0,0,low
DOC-00168,branch,prime,0.5337,0.215,0.1753,0.7092,0,0,moderate
DOC-00169,call_center,near_prime,0.8618,0.0943,0.0934,0.523,0,1,moderate
DOC-00170,branch,subprime,0.6778,0.3164,0.4959,0.7405,0,0,low
DOC-00171,digital,prime,0.8924,0.5306,0.1277,0.2317,0,0,low
DOC-00172,digital,near_prime,0.8586,0.4672,0.3038,0.3652,0,0,low
DOC-00173,digital,prime,0.7931,0.1483,0.0,0.5279,0,0,low
DOC-00174,branch,near_prime,0.8568,0.2597,0.0296,0.2021,0,0,low
DOC-00175,branch,near_prime,0.8647,0.4965,0.3131,0.6293,0,0,low
DOC-00176,call_center,prime,0.7225,0.2817,0.4474,0.4455,0,0,low
DOC-00177,call_center,subprime,0.6933,0.2779,0.1417,0.4996,0,0,low
DOC-00178,digital,prime,0.6338,0.1574,0.4431,0.6345,0,0,elevated
DOC-00179,call_center,subprime,0.7325,0.5681,0.4506,0.7611,0,0,low
DOC-00180,digital,subprime,0.6951,0.4724,0.281,0.5135,0,0,low
DOC-00181,branch,prime,0.6564,0.1987,0.4321,,0,0,moderate
DOC-00182,branch,prime,0.6964,0.46,0.0688,0.8962,0,0,low
DOC-00183,branch,prime,1.0648,0.2137,0.2925,0.3223,0,0,moderate
DOC-00184,digital,prime,0.8516,0.3508,0.5406,0.4745,0,0,moderate
DOC-00185,digital,near_prime,0.6243,0.4951,0.0,,0,0,moderate
DOC-00186,digital,near_prime,0.9651,0.2199,0.3463,,0,0,low
DOC-00187,branch,near_prime,0.5754,0.2196,0.2997,,0,0,low
DOC-00188,digital,prime,0.765,0.2007,0.1174,0.4,0,0,low
DOC-00189,call_center,subprime,0.6566,0.3273,0.0,0.6635,0,0,moderate
DOC-00190,digital,prime,0.6581,0.4437,0.009,0.5626,0,0,moderate
DOC-00191,call_center,subprime,0.7216,0.4445,0.0542,0.7988,0,0,low
DOC-00192,digital,near_prime,0.8321,0.5494,0.127,0.3713,0,0,elevated
DOC-00193,digital,prime,0.9063,0.576,0.1935,1.0,0,0,low
DOC-00194,digital,prime,0.5712,0.4217,0.2763,0.644,0,0,moderate
DOC-00195,digital,prime,0.7278,0.1384,0.4223,0.6819,0,1,low
DOC-00196,branch,prime,0.6815,0.2057,0.259,0.9705,0,0,low
DOC-00197,digital,prime,0.8378,0.4037,0.1894,,0,1,elevated
DOC-00198,branch,near_prime,0.8696,0.3636,0.0,1.0,0,1,low
DOC-00199,branch,near_prime,0.6344,0.3134,0.204,0.4446,0,0,moderate
DOC-00200,call_center,prime,0.6843,0.2608,0.0,,1,0,low
DOC-00201,digital,subprime,0.6884,0.3889,0.235,0.7195,0,0,low
DOC-00202,digital,prime,0.8601,0.1432,0.2013,0.9318,0,1,moderate
DOC-00203,branch,near_prime,0.7255,0.3038,0.3446,0.4816,0,0,moderate
DOC-00204,digital,near_prime,0.6852,0.3844,0.0931,0.7616,0,0,low
DOC-00205,call_center,near_prime,0.6995,0.5036,0.1254,,0,0,moderate
DOC-00206,branch,near_prime,0.6924,0.5038,0.1195,0.9232,0,0,low
DOC-00207,digital,near_prime,0.7879,0.2453,0.1944,0.7267,0,0,moderate
DOC-00208,call_center,subprime,0.9765,0.1722,0.1059,0.6832,0,0,low
DOC-00209,branch,near_prime,0.5801,0.3336,0.4481,0.7592,0,0,moderate
DOC-00210,branch,near_prime,0.6949,0.3804,0.1191,0.5777,0,0,moderate
DOC-00211,call_center,near_prime,0.8197,0.1384,0.4709,,1,1,low
DOC-00212,digital,subprime,0.5246,0.1324,0.0218,0.4453,0,0,low
DOC-00213,digital,prime,0.8207,0.241,0.2726,0.7395,0,0,moderate
DOC-00214,digital,subprime,0.8207,0.3135,0.0,0.7457,0,0,elevated
DOC-00215,digital,prime,0.7795,0.3693,0.3667,0.4947,0,0,low
DOC-00216,call_center,prime,0.6238,0.31,0.2835,,0,0,low
DOC-00217,branch,near_prime,0.9777,0.3249,0.3794,0.613,0,0,moderate
DOC-00218,digital,prime,0.7986,0.4529,0.5305,,0,0,moderate
DOC-00219,branch,near_prime,0.7476,0.2913,0.4605,0.5179,1,0,low
DOC-00220,call_center,prime,0.906,0.2862,0.3185,0.8099,0,0,moderate
DOC-00221,digital,prime,0.6025,0.1315,0.345,0.5901,0,0,low
DOC-00222,digital,near_prime,0.6881,0.373,0.2192,,0,0,low
DOC-00223,branch,prime,0.5629,0.4641,0.3858,0.6871,0,0,low
DOC-00224,digital,near_prime,0.7538,0.4161,0.0,0.9473,0,1,low
DOC-00225,branch,near_prime,0.788,0.2235,0.364,0.7555,0,0,low
DOC-00226,digital,subprime,0.7392,0.478,0.0,0.4596,0,0,moderate
DOC-00227,branch,near_prime,0.7481,0.2963,0.1551,,0,0,moderate
DOC-00228,digital,subprime,0.8518,0.5643,0.4172,0.6813,0,0,moderate
DOC-00229,branch,near_prime,0.6995,0.3688,0.1828,0.781,0,0,low
DOC-00230,branch,near_prime,0.7414,0.4913,0.2033,0.5742,1,0,elevated
DOC-00231,branch,prime,0.6296,0.3651,0.1677,,0,0,low
DOC-00232,branch,prime,0.8409,0.3539,0.3066,0.6073,0,0,moderate
DOC-00233,digital,subprime,0.7409,0.2351,0.014,,1,1,elevated
DOC-00234,call_center,prime,0.9596,0.2407,0.2676,0.6389,0,1,low
DOC-00235,digital,subprime,0.7103,0.4806,0.4881,,1,0,elevated
DOC-00236,call_center,prime,0.8358,0.2114,0.1861,0.4728,0,0,moderate
DOC-00237,digital,prime,0.8175,0.5441,0.2777,0.8553,0,0,low
DOC-00238,digital,near_prime,0.6335,0.1061,0.297,0.7719,0,0,low
DOC-00239,digital,near_prime,0.8606,0.3291,0.2872,0.9214,0,0,low
DOC-00240,digital,near_prime,0.8314,0.2669,0.2157,0.5567,0,1,moderate
DOC-00241,branch,prime,0.8876,0.5598,0.0163,0.9505,0,0,low
DOC-00242,call_center,prime,0.8787,0.2718,0.1766,,0,0,low
DOC-00243,branch,near_prime,0.7452,0.2764,0.0558,0.7728,0,1,low
DOC-00244,digital,subprime,0.9542,0.228,0.3727,0.3193,0,0,low
DOC-00245,digital,prime,0.8244,0.4229,0.2511,,1,1,low
DOC-00246,digital,subprime,0.8667,0.3088,0.07,0.5045,0,0,low
DOC-00247,branch,subprime,0.5508,0.3288,0.5084,,0,0,moderate
DOC-00248,branch,prime,0.5594,0.1338,0.0,0.6098,0,0,moderate
DOC-00249,call_center,near_prime,0.5802,0.2912,0.1413,,1,0,elevated
DOC-00250,branch,near_prime,0.7677,0.294,0.5817,0.5212,0,0,elevated
DOC-00251,digital,near_prime,0.7777,0.2473,0.0116,0.6811,0,1,elevated
DOC-00252,branch,subprime,0.8452,0.5594,0.0,0.6911,0,0,moderate
DOC-00253,branch,subprime,0.7876,0.6491,0.1932,0.4898,0,0,low
DOC-00254,digital,prime,0.5916,0.3237,0.1678,0.5052,0,0,moderate
DOC-00255,call_center,subprime,0.7268,0.2703,0.0,,0,0,moderate
DOC-00256,call_center,prime,0.9412,0.4254,0.5445,0.7649,1,0,low
DOC-00257,branch,subprime,0.9004,0.4381,0.4959,0.6418,0,1,moderate
DOC-00258,call_center,prime,0.6037,0.2162,0.2703,0.6848,0,1,low
DOC-00259,digital,prime,0.7439,0.4123,0.0,,0,1,low
DOC-00260,digital,prime,0.6167,0.2653,0.0962,,0,1,low
DOC-00261,digital,prime,0.8229,0.2817,0.682,0.2379,0,0,moderate
DOC-00262,branch,prime,0.8931,0.3147,0.3554,0.6838,0,0,low
DOC-00263,digital,subprime,0.8702,0.4525,0.3212,,1,0,low
DOC-00264,call_center,near_prime,0.6586,0.3552,0.0631,0.8233,0,0,low
DOC-00265,branch,prime,0.7217,0.3856,0.3639,0.9915,0,0,low
DOC-00266,digital,near_prime,0.7622,0.3589,0.4323,,0,0,low
DOC-00267,branch,prime,0.9731,0.104,0.1865,0.6085,0,0,moderate
DOC-00268,call_center,prime,0.8131,0.5118,0.0941,0.2675,0,0,low
DOC-00269,digital,prime,0.7923,0.3271,0.3162,,0,0,low
DOC-00270,digital,prime,0.7943,0.2685,0.0,0.8975,0,0,low
DOC-00271,digital,subprime,0.8037,0.2112,0.1215,0.7509,0,0,moderate
DOC-00272,digital,prime,0.6858,0.1576,0.513,,0,0,moderate
DOC-00273,call_center,subprime,0.6542,0.3672,0.3923,0.5036,0,0,moderate
DOC-00274,call_center,near_prime,0.7192,0.4766,0.3256,0.5995,0,0,moderate
DOC-00275,call_center,near_prime,0.7463,0.3287,0.3729,0.6838,0,0,low
DOC-00276,digital,subprime,0.7082,0.293,0.051,,0,0,moderate
DOC-00277,branch,near_prime,0.8573,0.3853,0.409,0.7709,0,0,low
DOC-00278,call_center,prime,0.7819,0.05,0.5498,0.9398,0,0,low
DOC-00279,branch,prime,0.8645,0.3562,0.6006,0.7686,0,0,elevated
DOC-00280,branch,near_prime,0.6987,0.283,0.2571,0.5873,0,0,elevated
DOC-00281,branch,prime,0.5047,0.426,0.2846,1.0,0,0,elevated
DOC-00282,branch,subprime,0.7213,0.4844,0.1504,,0,0,moderate
DOC-00283,branch,subprime,0.8774,0.3023,0.4031,0.0,0,0,low
DOC-00284,digital,near_prime,0.7999,0.1832,0.4356,0.4407,0,0,low
DOC-00285,branch,subprime,0.4947,0.4304,0.3963,0.622,0,0,moderate
DOC-00286,branch,subprime,0.7159,0.3434,0.1906,,0,0,moderate
DOC-00287,branch,near_prime,0.698,0.4187,0.1538,,0,0,low
DOC-00288,digital,subprime,0.7459,0.4422,0.5983,,1,1,moderate
DOC-00289,branch,prime,0.7004,0.338,0.3358,,0,1,elevated
DOC-00290,digital,subprime,0.769,0.2494,0.442,,0,0,moderate
DOC-00291,branch,near_prime,0.7099,0.3792,0.1946,0.9287,0,0,low
DOC-00292,branch,subprime,0.7231,0.3528,0.0231,,0,0,moderate
DOC-00293,digital,near_prime,0.8813,0.5212,0.3324,,0,1,low
DOC-00294,branch,prime,0.8062,0.3608,0.3805,0.8405,0,0,low
DOC-00295,digital,near_prime,0.7583,0.4996,0.0027,,1,0,moderate
DOC-00296,call_center,prime,0.6222,0.4609,0.0514,0.2814,0,0,moderate
DOC-00297,branch,prime,0.6814,0.3678,0.2147,,0,1,low
DOC-00298,digital,near_prime,0.7099,0.05,0.356,0.6727,0,0,low
DOC-00299,call_center,near_prime,0.8242,0.1953,0.2104,,0,0,moderate
DOC-00300,branch,near_prime,0.5955,0.4355,0.1884,0.5361,0,0,low
DOC-00301,digital,prime,0.8046,0.458,0.0,0.5292,0,0,low
DOC-00302,branch,near_prime,0.9309,0.2454,0.0504,,1,0,elevated
DOC-00303,call_center,near_prime,0.8029,0.1276,0.2366,,1,0,elevated
DOC-00304,digital,subprime,0.6245,0.65,0.2304,,0,0,moderate
DOC-00305,branch,subprime,0.8891,0.3191,0.1749,0.6217,0,0,low
DOC-00306,digital,subprime,0.7819,0.09,0.16,0.5619,0,0,elevated
DOC-00307,call_center,near_prime,0.8504,0.4063,0.2267,0.374,1,0,low
DOC-00308,digital,subprime,0.8845,0.5398,0.0016,,0,0,moderate
DOC-00309,branch,subprime,0.8529,0.057,0.4531,0.3949,0,0,moderate
DOC-00310,branch,prime,0.7644,0.3497,0.4587,0.8291,0,0,moderate
DOC-00311,branch,prime,0.6818,0.2758,0.1328,0.7095,0,0,low
DOC-00312,call_center,subprime,1.0266,0.3376,0.0946,0.034,0,0,moderate
DOC-00313,branch,near_prime,0.689,0.4247,0.1377,0.6782,0,0,moderate
DOC-00314,call_center,prime,0.8795,0.2113,0.2702,,0,0,low
DOC-00315,branch,near_prime,0.6803,0.1931,0.0428,0.804,0,0,low
DOC-00316,branch,near_prime,0.924,0.1775,0.254,,0,0,moderate
DOC-00317,digital,prime,0.9955,0.4691,0.2547,0.688,0,0,elevated
DOC-00318,branch,near_prime,0.8804,0.4866,0.3028,0.5915,0,0,low
DOC-00319,branch,near_prime,0.7013,0.1935,0.393,,0,0,elevated
DOC-00320,branch,near_prime,0.7453,0.492,0.2178,0.9271,0,0,elevated
DOC-00321,branch,prime,0.9477,0.2553,0.0874,,1,0,low
DOC-00322,branch,prime,0.9494,0.3467,0.5534,,0,0,elevated
DOC-00323,branch,near_prime,0.8552,0.2793,0.3789,,0,0,moderate
DOC-00324,branch,prime,0.8102,0.3042,0.2155,0.4607,0,1,moderate
DOC-00325,branch,near_prime,0.9594,0.5285,0.2795,0.8861,0,0,moderate
DOC-00326,digital,prime,0.8449,0.3654,0.0,0.7628,1,0,moderate
DOC-00327,branch,prime,0.8228,0.2331,0.0742,0.6628,0,0,elevated
DOC-00328,branch,prime,0.8829,0.5569,0.1807,0.787,0,0,low
DOC-00329,branch,subprime,0.827,0.5943,0.2294,0.5146,0,0,moderate
DOC-00330,digital,near_prime,0.9165,0.3562,0.2436,0.9652,0,0,low
DOC-00331,branch,prime,0.9516,0.5583,0.2935,0.7691,0,0,low
DOC-00332,call_center,prime,0.841,0.5837,0.1541,0.9502,0,0,moderate
DOC-00333,branch,prime,0.525,0.2589,0.0,0.3112,0,0,moderate
DOC-00334,branch,prime,0.7867,0.1241,0.2027,0.6156,0,0,moderate
DOC-00335,digital,near_prime,0.7334,0.1736,0.2829,0.5623,0,0,moderate
DOC-00336,digital,subprime,0.6582,0.153,0.0716,0.8591,1,0,moderate
DOC-00337,digital,subprime,0.731,0.2766,0.2007,0.5434,1,0,low
DOC-00338,branch,subprime,0.9303,0.5872,0.4122,,0,0,moderate
DOC-00339,branch,near_prime,0.6263,0.2836,0.2332,1.0,0,0,moderate
DOC-00340,branch,prime,0.7436,0.2681,0.276,0.502,0,1,low
DOC-00341,branch,prime,0.7035,0.5434,0.0,0.6727,0,0,elevated
DOC-00342,branch,prime,0.6166,0.3108,0.3338,,0,0,moderate
DOC-00343,branch,prime,0.617,0.4046,0.0353,0.5868,0,0,low
DOC-00344,digital,subprime,0.8421,0.6188,0.4425,,0,0,elevated
DOC-00345,call_center,subprime,0.6358,0.149,0.0,0.4309,0,1,low
DOC-00346,digital,subprime,0.9861,0.1895,0.0664,0.4763,0,0,moderate
DOC-00347,branch,subprime,0.7606,0.3037,0.0561,1.0,0,0,elevated
DOC-00348,branch,prime,0.8207,0.3666,0.2952,0.8017,0,0,low
DOC-00349,call_center,subprime,0.8437,0.3541,0.4525,,0,0,moderate
DOC-00350,branch,subprime,0.6083,0.4084,0.3556,,1,1,low
DOC-00351,digital,near_prime,0.8994,0.1852,0.2998,0.4998,0,0,elevated
DOC-00352,digital,prime,0.8002,0.2869,0.2906,0.5403,0,0,elevated
DOC-00353,branch,near_prime,0.7739,0.1778,0.194,0.3558,0,0,moderate
DOC-00354,branch,subprime,0.844,0.3226,0.1304,0.3821,0,0,elevated
DOC-00355,branch,subprime,0.8009,0.4075,0.1589,0.855,0,0,elevated
DOC-00356,branch,near_prime,0.7869,0.4167,0.3871,,1,0,moderate
DOC-00357,digital,prime,0.645,0.3703,0.5179,0.4035,0,0,elevated
DOC-00358,digital,near_prime,0.7694,0.4835,0.2324,0.932,0,0,moderate
DOC-00359,digital,near_prime,0.8517,0.1543,0.3312,0.9199,0,1,moderate
DOC-00360,call_center,prime,0.6923,0.3311,0.134,0.6017,0,1,moderate
DOC-00361,digital,subprime,0.87,0.3889,0.1933,,0,0,elevated
DOC-00362,digital,subprime,0.7437,0.1379,0.2347,0.439,0,1,low
DOC-00363,branch,prime,0.8422,0.7072,0.2915,,0,0,low
DOC-00364,branch,subprime,0.7869,0.2566,0.3665,0.6353,0,0,low
DOC-00365,branch,near_prime,0.6685,0.4701,0.3454,0.653,0,0,low
DOC-00366,branch,prime,0.7582,0.3007,0.3539,0.9463,0,0,low
DOC-00367,call_center,prime,0.719,0.3432,0.0703,0.7232,0,0,low
DOC-00368,call_center,near_prime,0.6919,0.3354,0.0392,0.5489,0,0,low
DOC-00369,branch,near_prime,0.6886,0.5635,0.0944,0.6548,1,0,elevated
DOC-00370,digital,near_prime,0.5449,0.3367,0.323,0.8898,0,0,elevated
DOC-00371,branch,prime,0.7452,0.4358,0.3525,0.3713,0,0,moderate
DOC-00372,call_center,prime,0.7626,0.4396,0.3642,0.5617,0,0,moderate
DOC-00373,branch,near_prime,0.6629,0.4084,0.4297,0.4705,0,0,elevated
DOC-00374,digital,near_prime,0.6027,0.4422,0.4612,,0,0,elevated
DOC-00375,branch,prime,0.8503,0.2362,0.2555,,0,0,moderate
DOC-00376,branch,near_prime,0.8179,0.1089,0.2064,0.6641,0,0,low
DOC-00377,branch,prime,0.9016,0.2956,0.4928,0.6643,0,0,moderate
DOC-00378,call_center,near_prime,0.8967,0.2314,0.5814,0.6716,0,0,moderate
DOC-00379,digital,prime,0.6714,0.0554,0.4108,0.8502,0,0,elevated
DOC-00380,branch,prime,0.7807,0.5057,0.0564,,0,1,low
DOC-00381,digital,prime,0.7642,0.0996,0.1621,0.61,0,1,elevated
DOC-00382,branch,prime,0.8767,0.5678,0.0877,0.5835,0,0,moderate
DOC-00383,branch,prime,0.674,0.1522,0.2198,0.4068,0,1,moderate
DOC-00384,branch,near_prime,0.6787,0.2331,0.0,0.9338,0,0,elevated
DOC-00385,call_center,near_prime,0.9177,0.438,0.4052,,0,0,low
DOC-00386,digital,prime,0.6592,0.4204,0.3163,0.5743,0,0,low
DOC-00387,digital,near_prime,0.7915,0.4951,0.1835,0.7717,0,0,low
DOC-00388,branch,near_prime,0.7991,0.3564,0.4459,0.8067,1,0,moderate
DOC-00389,branch,near_prime,0.6168,0.3066,0.262,,0,1,elevated
DOC-00390,branch,near_prime,0.7019,0.05,0.2835,,0,1,low
DOC-00391,branch,prime,0.6851,0.3923,0.293,0.5237,1,0,elevated
DOC-00392,call_center,subprime,0.7209,0.3123,0.1846,0.9719,0,0,moderate
DOC-00393,branch,prime,0.6615,0.3289,0.0412,,0,0,low
DOC-00394,digital,prime,0.8809,0.4073,0.3066,0.6006,0,0,elevated
DOC-00395,digital,near_prime,0.7446,0.5311,0.2225,,0,0,low
DOC-00396,branch,prime,0.8826,0.2307,0.0,0.7292,1,0,elevated
DOC-00397,branch,near_prime,0.8728,0.3115,0.1431,,0,0,low
DOC-00398,digital,near_prime,0.5885,0.2969,0.1722,,0,0,low
DOC-00399,digital,prime,0.8726,0.101,0.3361,0.5742,0,0,moderate
DOC-00400,digital,near_prime,0.7202,0.472,0.2615,0.1359,0,0,elevated
DOC-00401,digital,near_prime,0.8582,0.2933,0.3733,0.6525,0,0,moderate
DOC-00402,branch,near_prime,0.8879,0.0961,0.3199,0.4153,0,0,moderate
DOC-00403,digital,prime,0.923,0.371,0.2046,,0,0,moderate
DOC-00404,branch,near_prime,0.889,0.3331,0.0036,0.9517,0,0,elevated
DOC-00405,digital,prime,0.7665,0.3626,0.4034,0.8443,0,0,low
DOC-00406,call_center,near_prime,0.715,0.1529,0.1118,0.2789,0,1,elevated
DOC-00407,digital,near_prime,0.7927,0.1686,0.3283,0.3892,0,0,moderate
DOC-00408,digital,near_prime,0.8074,0.3372,0.366,,0,1,low
DOC-00409,branch,near_prime,0.7863,0.4376,0.1211,0.4689,0,0,moderate
DOC-00410,branch,near_prime,0.7572,0.2021,0.0877,,0,0,elevated
DOC-00411,digital,subprime,0.8449,0.3404,0.2628,,0,0,low
DOC-00412,branch,subprime,0.7374,0.2929,0.1944,,0,0,low
DOC-00413,call_center,near_prime,0.8107,0.3696,0.3072,,0,0,moderate
DOC-00414,branch,subprime,0.7983,0.4431,0.3954,0.528,0,0,low
DOC-00415,branch,prime,0.9042,0.4232,0.0595,0.6464,0,0,low
DOC-00416,digital,prime,0.7161,0.4999,0.1258,,0,0,moderate
DOC-00417,branch,near_prime,0.7151,0.5826,0.6419,0.8909,0,0,low
DOC-00418,branch,prime,0.6862,0.2612,0.1908,1.0,0,0,low
DOC-00419,branch,near_prime,0.867,0.5002,0.4669,0.6984,0,0,moderate
DOC-00420,call_center,subprime,0.8239,0.2933,0.2739,0.6358,0,1,elevated
DOC-00421,call_center,subprime,0.7523,0.3176,0.025,0.6902,0,0,elevated
DOC-00422,branch,near_prime,0.9705,0.2672,0.1486,0.146,0,0,low
DOC-00423,branch,prime,0.6818,0.4095,0.3368,0.3299,0,0,moderate
DOC-00424,branch,prime,0.8727,0.1322,0.0993,0.2639,0,0,elevated
DOC-00425,branch,subprime,0.8249,0.1698,0.361,1.0,0,0,low
DOC-00426,digital,subprime,0.7378,0.2352,0.3178,0.7839,0,1,moderate
DOC-00427,call_center,prime,0.6649,0.1832,0.1254,,0,0,elevated
DOC-00428,call_center,prime,0.6977,0.0939,0.1792,0.8765,1,1,elevated
DOC-00429,branch,near_prime,0.8742,0.3467,0.1337,0.8413,0,0,low
DOC-00430,branch,subprime,0.6224,0.2883,0.2716,0.3004,0,0,moderate
DOC-00431,digital,near_prime,0.7499,0.2096,0.6041,0.6954,0,0,moderate
DOC-00432,digital,prime,0.6879,0.3978,0.339,0.7631,0,0,moderate
DOC-00433,call_center,prime,0.7823,0.5359,0.3136,0.6534,0,0,moderate
DOC-00434,branch,near_prime,0.6966,0.1891,0.3455,0.8547,1,0,elevated
DOC-00435,branch,prime,0.7263,0.4733,0.0944,0.9537,0,0,low
DOC-00436,branch,near_prime,0.6301,0.2224,0.0509,,0,0,moderate
DOC-00437,branch,near_prime,0.7966,0.4801,0.5116,0.5165,0,0,low
DOC-00438,digital,prime,0.685,0.4519,0.153,0.8868,0,1,low
DOC-00439,digital,near_prime,0.7815,0.1985,0.2443,0.4457,0,0,low
DOC-00440,call_center,subprime,0.583,0.5968,0.4145,,0,0,low
DOC-00441,call_center,subprime,0.6393,0.2148,0.1051,0.8832,0,0,moderate
DOC-00442,digital,prime,0.7346,0.1305,0.3058,,0,0,moderate
DOC-00443,digital,prime,0.6926,0.2434,0.273,,0,1,moderate
DOC-00444,call_center,subprime,0.7521,0.373,0.1399,0.7845,0,0,moderate
DOC-00445,call_center,near_prime,0.7071,0.2474,0.2737,,0,0,low
DOC-00446,digital,prime,0.8542,0.1934,0.0,1.0,0,0,low
DOC-00447,branch,prime,0.8313,0.4639,0.1095,,0,0,moderate
DOC-00448,call_center,near_prime,0.8948,0.4115,0.5426,0.8043,0,0,low
DOC-00449,digital,subprime,0.848,0.2758,0.0584,,0,0,low
DOC-00450,call_center,near_prime,0.9041,0.5957,0.2459,,0,1,elevated
DOC-00451,digital,subprime,0.9031,0.123,0.2698,0.5896,0,1,elevated
DOC-00452,branch,prime,0.8145,0.249,0.4643,0.8962,0,0,low
DOC-00453,digital,prime,0.7293,0.1934,0.1849,,0,0,elevated
DOC-00454,branch,prime,0.7718,0.2834,0.3251,,0,0,low
DOC-00455,branch,prime,0.7949,0.3399,0.3594,0.3732,0,1,low
DOC-00456,digital,near_prime,0.6963,0.4319,0.2476,0.9191,0,0,elevated
DOC-00457,digital,near_prime,0.7336,0.2632,0.1686,0.5279,0,0,moderate
DOC-00458,branch,near_prime,0.8915,0.3964,0.6434,0.567,0,0,moderate
DOC-00459,branch,subprime,0.8589,0.2808,0.2749,0.809,0,0,low
DOC-00460,digital,prime,0.6956,0.565,0.2988,0.403,0,1,elevated
DOC-00461,branch,prime,0.672,0.156,0.4316,0.5915,1,0,low
DOC-00462,call_center,near_prime,0.7193,0.2959,0.0,0.3787,0,0,low
DOC-00463,call_center,prime,0.5984,0.4195,0.2667,0.3696,0,1,low
DOC-00464,call_center,near_prime,0.8893,0.4778,0.4691,0.6787,0,0,low
DOC-00465,branch,near_prime,0.8247,0.3948,0.3868,0.8558,1,1,moderate
DOC-00466,branch,subprime,0.6499,0.3773,0.0,0.4943,0,0,moderate
DOC-00467,branch,subprime,0.7488,0.5682,0.3671,0.4684,0,0,low
DOC-00468,digital,near_prime,0.7025,0.346,0.4435,,0,0,low
DOC-00469,branch,prime,0.9185,0.3599,0.0046,,0,1,moderate
DOC-00470,digital,prime,0.6401,0.2482,0.2087,0.4705,0,1,elevated
DOC-00471,branch,near_prime,0.7028,0.472,0.062,0.9296,0,0,moderate
DOC-00472,branch,near_prime,0.9553,0.3501,0.2283,,0,0,elevated
DOC-00473,digital,near_prime,0.9617,0.1191,0.4747,0.4048,1,1,elevated
DOC-00474,call_center,subprime,0.954,0.1262,0.2316,,0,0,low
DOC-00475,branch,prime,0.8174,0.05,0.2117,0.8436,0,0,low
DOC-00476,digital,near_prime,0.7299,0.37,0.2601,0.5505,0,0,moderate
DOC-00477,digital,prime,0.6874,0.3796,0.1319,0.7106,0,0,low
DOC-00478,digital,subprime,0.8647,0.488,0.2453,,0,1,elevated
DOC-00479,digital,prime,0.6931,0.252,0.0279,0.728,0,0,moderate
DOC-00480,digital,prime,0.7671,0.05,0.0353,0.4905,0,0,elevated
DOC-00481,digital,prime,0.7625,0.3593,0.4296,,1,0,moderate
DOC-00482,digital,near_prime,0.8899,0.304,0.491,0.8007,0,0,low
DOC-00483,digital,prime,0.7045,0.2918,0.6874,,0,0,moderate
DOC-00484,digital,subprime,0.8885,0.4095,0.1594,0.7306,0,0,low
DOC-00485,digital,prime,0.7171,0.173,0.3045,,0,0,elevated
DOC-00486,call_center,prime,0.7252,0.3233,0.1753,,0,0,moderate
DOC-00487,digital,prime,0.6583,0.3064,0.4604,,0,1,moderate
DOC-00488,call_center,prime,0.8064,0.3861,0.1492,0.7205,0,0,low
DOC-00489,digital,prime,0.762,0.5342,0.0,,0,0,moderate
DOC-00490,branch,near_prime,0.7906,0.1902,0.2533,0.9391,1,0,low
DOC-00491,branch,prime,0.7445,0.388,0.0,0.4791,0,0,low
DOC-00492,branch,subprime,0.7908,0.3453,0.3599,0.4283,0,0,low
DOC-00493,digital,prime,0.9614,0.3596,0.3748,0.6894,0,0,moderate
DOC-00494,digital,prime,0.8315,0.5291,0.171,0.6377,0,0,moderate
DOC-00495,branch,prime,0.8912,0.5431,0.3078,0.234,0,0,elevated
DOC-00496,digital,near_prime,0.7757,0.2567,0.3282,0.4105,0,0,low
DOC-00497,digital,prime,0.7778,0.411,0.1026,,0,1,low
DOC-00498,call_center,near_prime,0.9099,0.3372,0.2634,,0,0,moderate
DOC-00499,digital,near_prime,1.0778,0.2256,0.4781,0.5455,0,0,elevated
DOC-00500,branch,prime,0.7182,0.4309,0.3315,,0,0,moderate
DOC-00501,digital,prime,0.8345,0.3885,0.0,0.7972,0,0,moderate
DOC-00502,branch,prime,0.7296,0.4835,0.0013,0.8197,0,0,elevated
DOC-00503,digital,near_prime,0.8394,0.3732,0.1414,,0,1,moderate
DOC-00504,call_center,near_prime,0.8036,0.2869,0.1233,,0,0,low
DOC-00505,branch,prime,0.721,0.2853,0.553,1.0,0,0,low
DOC-00506,digital,prime,0.6134,0.3319,0.1187,0.6319,0,0,elevated
DOC-00507,branch,prime,0.6046,0.4409,0.2442,0.6299,0,0,moderate
DOC-00508,branch,subprime,0.9266,0.2876,0.1702,,0,0,moderate
DOC-00509,call_center,near_prime,0.7888,0.3683,0.0554,0.5892,0,1,moderate
DOC-00510,branch,prime,0.7838,0.4158,0.0565,,0,0,low
DOC-00511,branch,prime,0.8465,0.6315,0.1499,,1,1,elevated
DOC-00512,digital,prime,0.7752,0.4003,0.0044,0.4994,0,0,elevated
DOC-00513,branch,prime,1.0146,0.4798,0.0288,0.6007,0,0,moderate
DOC-00514,branch,prime,0.7979,0.3199,0.0,,1,0,moderate
DOC-00515,branch,prime,0.8945,0.2839,0.1397,0.7383,0,1,low
DOC-00516,call_center,prime,0.8047,0.4544,0.2927,,0,0,low
DOC-00517,call_center,near_prime,0.623,0.2341,0.3246,0.9965,0,1,elevated
DOC-00518,digital,near_prime,0.844,0.2447,0.2402,0.3013,0,1,moderate
DOC-00519,branch,near_prime,0.8138,0.4748,0.2535,0.6639,0,0,low
DOC-00520,call_center,prime,0.7328,0.3057,0.2789,,0,0,elevated
DOC-00521,digital,near_prime,0.934,0.3682,0.3673,0.8056,1,0,elevated
DOC-00522,call_center,subprime,0.8556,0.2104,0.5543,0.9579,0,0,moderate
DOC-00523,branch,prime,0.8727,0.2993,0.0103,0.0919,0,0,low
DOC-00524,digital,near_prime,0.6496,0.2637,0.2315,0.7611,0,0,elevated
DOC-00525,call_center,near_prime,0.732,0.2416,0.1319,0.4749,0,1,low
DOC-00526,call_center,near_prime,0.5987,0.4089,0.0668,0.5908,1,1,low
DOC-00527,digital,prime,0.8489,0.2666,0.4688,0.5965,0,0,elevated
DOC-00528,digital,prime,0.9006,0.2272,0.25,,0,0,elevated
DOC-00529,branch,near_prime,0.7181,0.2633,0.3266,0.7429,0,0,elevated
DOC-00530,branch,prime,1.0382,0.2959,0.4334,,0,1,moderate
DOC-00531,digital,near_prime,0.6638,0.5433,0.3506,0.7449,0,0,low
DOC-00532,digital,near_prime,0.8103,0.2314,0.0022,0.581,0,0,elevated
DOC-00533,call_center,prime,0.5502,0.3145,0.3311,0.991,0,1,low
DOC-00534,digital,prime,0.562,0.4414,0.3619,,0,0,low
DOC-00535,branch,near_prime,0.8223,0.1447,0.4723,,0,0,low
DOC-00536,digital,prime,0.7965,0.3247,0.2669,,0,0,low
DOC-00537,digital,subprime,1.0054,0.3707,0.2174,,0,0,moderate
DOC-00538,call_center,subprime,0.8095,0.4245,0.3532,0.5004,0,0,low
DOC-00539,branch,prime,0.9293,0.3307,0.49,0.2135,0,0,low
DOC-00540,digital,prime,0.6993,0.3085,0.3243,,0,0,low
DOC-00541,digital,near_prime,0.8518,0.341,0.1502,0.5955,0,1,low
DOC-00542,digital,near_prime,0.9385,0.2417,0.0868,0.8363,0,0,low
DOC-00543,branch,prime,0.7934,0.2161,0.4756,,0,0,low
DOC-00544,digital,subprime,0.9384,0.518,0.2743,,0,0,low
DOC-00545,digital,prime,0.9048,0.2991,0.2221,0.7478,0,0,moderate
DOC-00546,branch,near_prime,0.8149,0.1951,0.168,,0,0,moderate
DOC-00547,branch,near_prime,0.6706,0.4383,0.137,0.503,0,0,moderate
DOC-00548,digital,subprime,0.7171,0.1766,0.4946,0.3486,0,0,low
DOC-00549,call_center,prime,0.6014,0.2015,0.5615,0.6702,0,0,low
DOC-00550,branch,prime,0.8925,0.2399,0.3143,,0,0,low
DOC-00551,call_center,subprime,0.9516,0.5298,0.1235,,0,0,elevated
DOC-00552,branch,prime,0.818,0.3536,0.1872,0.2308,0,0,low
DOC-00553,digital,prime,0.8307,0.5038,0.1782,0.7476,0,0,moderate
DOC-00554,call_center,subprime,0.5668,0.3524,0.1234,0.6433,0,0,moderate
DOC-00555,digital,prime,0.9063,0.3348,0.2025,0.5749,0,0,low
DOC-00556,digital,prime,0.6342,0.2593,0.0,0.7993,0,0,elevated
DOC-00557,call_center,prime,0.7225,0.3435,0.304,0.4785,0,0,moderate
DOC-00558,call_center,prime,1.0042,0.4609,0.0,0.762,0,0,low
DOC-00559,branch,prime,0.8375,0.4207,0.167,1.0,0,0,elevated
DOC-00560,digital,prime,0.7019,0.2727,0.4234,0.8149,0,1,moderate
DOC-00561,branch,subprime,0.691,0.283,0.4075,1.0,0,0,low
DOC-00562,digital,prime,0.8151,0.4244,0.3547,0.4295,0,1,low
DOC-00563,call_center,prime,0.9099,0.2863,0.225,0.6778,0,0,elevated
DOC-00564,branch,near_prime,0.8091,0.3101,0.442,1.0,0,0,elevated
DOC-00565,branch,subprime,0.7973,0.1527,0.3489,0.4148,0,0,elevated
DOC-00566,digital,prime,0.839,0.2398,0.2811,0.4839,0,0,moderate
DOC-00567,branch,near_prime,0.8627,0.4192,0.0,1.0,0,0,moderate
DOC-00568,branch,near_prime,0.6148,0.4163,0.3535,0.9862,0,0,low
DOC-00569,branch,subprime,0.5833,0.3703,0.0,,1,0,elevated
DOC-00570,digital,near_prime,0.9271,0.4478,0.3439,,0,1,low
DOC-00571,call_center,near_prime,0.7031,0.1725,0.4816,,0,0,low
DOC-00572,branch,prime,0.5472,0.3132,0.0018,0.7842,1,0,elevated
DOC-00573,branch,prime,0.7276,0.2664,0.3736,0.9497,0,1,low
DOC-00574,digital,prime,0.7625,0.3275,0.2773,0.7685,0,0,low
DOC-00575,branch,near_prime,0.7446,0.6398,0.2576,,0,0,low
DOC-00576,digital,near_prime,0.9133,0.4238,0.3392,0.5852,0,1,moderate
DOC-00577,call_center,prime,0.6593,0.1199,0.0097,1.0,0,1,low
DOC-00578,digital,prime,0.7753,0.3513,0.1525,0.7418,0,0,low
DOC-00579,branch,near_prime,0.6225,0.5016,0.2758,,1,0,low
DOC-00580,digital,subprime,1.0097,0.5943,0.2756,0.4819,0,0,moderate
DOC-00581,call_center,prime,0.651,0.4389,0.0,,0,0,low
DOC-00582,call_center,near_prime,0.5989,0.4201,0.3427,,0,0,low
DOC-00583,branch,near_prime,0.8583,0.251,0.4276,0.7464,0,0,low
DOC-00584,digital,near_prime,0.8042,0.217,0.3303,0.4567,0,0,low
DOC-00585,call_center,near_prime,0.6411,0.3394,0.1453,0.8277,0,0,elevated
DOC-00586,branch,near_prime,0.8434,0.3658,0.1921,0.9155,0,0,elevated
DOC-00587,digital,prime,0.8648,0.5524,0.1783,0.1325,0,0,low
DOC-00588,branch,subprime,0.7321,0.5871,0.1017,0.7088,0,0,elevated
DOC-00589,digital,prime,0.8408,0.4796,0.0024,0.7263,0,0,low
DOC-00590,digital,prime,0.8828,0.2685,0.3269,0.495,0,0,low
DOC-00591,call_center,subprime,0.8552,0.2776,0.282,0.6019,0,0,low
DOC-00592,branch,prime,0.7277,0.255,0.1766,0.7142,0,0,elevated
DOC-00593,branch,prime,0.7729,0.3782,0.4265,0.8732,0,0,low
DOC-00594,digital,near_prime,0.7295,0.2486,0.0709,0.6489,0,0,elevated
DOC-00595,digital,prime,0.7341,0.1437,0.1485,,0,0,moderate
DOC-00596,branch,prime,0.7729,0.22,0.2361,0.7431,0,0,low
DOC-00597,branch,prime,0.729,0.2963,0.5767,0.5339,0,0,moderate
DOC-00598,call_center,prime,0.7612,0.4612,0.0976,,0,0,low
DOC-00599,branch,prime,0.764,0.4542,0.3692,0.3249,0,1,moderate
DOC-00600,digital,near_prime,0.7547,0.3143,0.4076,,0,0,elevated
DOC-00601,call_center,near_prime,0.8385,0.1752,0.2235,0.8121,0,0,moderate
DOC-00602,digital,near_prime,0.6501,0.1564,0.1209,0.7088,0,0,elevated
DOC-00603,digital,prime,0.6841,0.5048,0.1729,,1,0,low
DOC-00604,call_center,prime,0.7137,0.3243,0.3148,0.9067,0,0,moderate
DOC-00605,call_center,near_prime,0.6859,0.4139,0.0,0.6429,0,0,elevated
DOC-00606,branch,prime,0.8326,0.3261,0.4991,0.7301,0,0,elevated
DOC-00607,digital,prime,0.8055,0.2965,0.2566,0.646,0,0,low
DOC-00608,branch,subprime,0.7727,0.427,0.4005,0.7756,0,0,low
DOC-00609,branch,prime,0.7497,0.3177,0.1109,0.9073,0,0,low
DOC-00610,digital,near_prime,0.8381,0.4098,0.4432,0.4473,1,0,moderate
DOC-00611,branch,subprime,0.871,0.0877,0.083,0.5978,0,0,moderate
DOC-00612,call_center,prime,0.8775,0.3911,0.0474,0.7614,0,0,moderate
DOC-00613,branch,prime,0.755,0.7066,0.2407,0.5311,0,0,low
DOC-00614,digital,prime,0.7864,0.3349,0.5451,,0,1,low
DOC-00615,branch,prime,0.5949,0.3251,0.4147,,0,1,low
DOC-00616,call_center,prime,0.7534,0.1924,0.2941,,0,0,elevated
DOC-00617,digital,near_prime,1.0141,0.3939,0.033,,0,0,moderate
DOC-00618,digital,prime,0.7006,0.1952,0.3821,0.5369,0,0,elevated
DOC-00619,branch,prime,0.8825,0.2396,0.2392,0.9099,0,0,low
DOC-00620,branch,prime,0.8478,0.2594,0.0,1.0,0,0,low
DOC-00621,digital,prime,0.6737,0.1472,0.0,0.6722,0,0,low
DOC-00622,branch,near_prime,0.5802,0.3864,0.2661,0.6133,0,0,low
DOC-00623,branch,prime,0.6911,0.0948,0.2255,0.4264,0,0,elevated
DOC-00624,call_center,near_prime,0.92,0.4315,0.2538,0.8523,0,0,low
DOC-00625,digital,near_prime,0.8937,0.1446,0.2087,0.1546,0,0,low
DOC-00626,digital,prime,0.8492,0.2326,0.2473,,0,1,low
DOC-00627,branch,near_prime,0.7342,0.3564,0.0149,0.8108,0,0,low
DOC-00628,digital,subprime,0.8539,0.2266,0.241,0.5094,0,0,low
DOC-00629,branch,near_prime,0.6547,0.5896,0.3026,,0,0,elevated
DOC-00630,branch,prime,0.8753,0.3505,0.4132,0.6341,0,0,moderate
DOC-00631,call_center,subprime,0.8268,0.4317,0.3151,,0,0,low
DOC-00632,branch,prime,0.8572,0.3682,0.2721,,0,0,elevated
DOC-00633,branch,near_prime,1.1146,0.4688,0.2227,0.8839,0,0,moderate
DOC-00634,branch,prime,1.0876,0.2742,0.3,1.0,0,0,elevated
DOC-00635,digital,prime,0.6875,0.3953,0.1128,,0,0,moderate
DOC-00636,branch,near_prime,0.8066,0.4107,0.2234,,0,0,moderate
DOC-00637,digital,subprime,0.7784,0.538,0.1805,0.7687,0,0,low
DOC-00638,digital,prime,0.8171,0.4473,0.1691,0.1401,0,1,low
DOC-00639,call_center,subprime,1.041,0.1635,0.3375,0.8344,0,0,moderate
